Provinsi,Zina,Mabuk,Madat,Judi,Tinggalkan_Pihak,Penjara,Poligami,KDRT,Cacat,Pertengkaran,Kawin_Paksa,Murtad,Ekonomi
Aceh,1.0,15.0,19.0,10.0,968.0,44.0,17.0,107.0,8.0,3426.0,1.0,2.0,485.0
Sumatera Utara,209.0,198.0,508.0,194.0,2551.0,109.0,7.0,159.0,4.0,7235.0,10.0,21.0,1623.0
Sumatera Barat,12.0,9.0,7.0,44.0,1428.0,35.0,18.0,147.0,20.0,4868.0,15.0,5.0,735.0
Riau,24.0,62.0,17.0,58.0,1676.0,50.0,16.0,208.0,32.0,6926.0,21.0,18.0,1516.0
Jambi,4.0,34.0,8.0,29.0,711.0,29.0,9.0,102.0,3.0,2874.0,1.0,3.0,462.0
Sumatera Selatan,8.0,81.0,15.0,33.0,641.0,77.0,31.0,161.0,3.0,5678.0,3.0,7.0,688.0
Bengkulu,101.38,5.0,1.0,5.0,419.0,10.0,6.0,10.0,2.0,2180.0,3.0,4.0,149.0
Lampung,53.0,175.0,23.0,273.0,1734.0,24.0,34.0,253.0,155.0,4297.0,3.0,13.0,2870.0
Kepulauan Bangka Belitung,3.0,15.0,3.0,8.0,371.0,15.0,17.0,72.0,1.0,1665.0,1.0,4.0,115.0
Kepulauan Riau,101.38,231.2,86.74,144.2,4774.87,73.38,80.73,584.27,56.74,12205.67,67.21,57.93,7393.93
DKI Jakarta,30.0,84.0,10.0,27.0,2384.0,18.0,38.0,820.0,7.0,5408.0,2.0,34.0,3118.0
Jawa Barat,66.0,430.0,68.0,241.0,12341.0,64.0,258.0,1459.0,16.0,29208.0,41.0,78.0,36701.0
Jawa Tengah,123.0,155.0,102.0,129.0,19765.0,61.0,55.0,402.0,32.0,28527.0,266.0,170.0,21908.0
DI Yogyakarta,4.0,21.0,86.74,8.0,1274.0,6.0,2.0,76.0,8.0,3446.0,6.0,12.0,756.0
Jawa Timur,811.0,483.0,47.0,355.0,12595.0,99.0,157.0,1455.0,343.0,38109.0,382.0,199.0,32105.0
Banten,3.0,235.0,129.0,142.0,1913.0,74.0,117.0,918.0,10.0,6204.0,14.0,50.0,2148.0
Bali,101.38,231.2,86.74,144.2,4774.87,73.38,80.73,584.27,56.74,12205.67,67.21,57.93,7393.93
Nusa Tenggara Barat,6.0,123.0,4.0,115.0,1604.0,38.0,64.0,437.0,5.0,4082.0,21.0,16.0,728.0
Nusa Tenggara Timur,2.0,8.0,86.74,6.0,186.0,1.0,1.0,3.0,1.0,196.0,17.0,4.0,12.0
Kalimantan Barat,16.0,23.0,3.0,39.0,724.0,16.0,29.0,62.0,5.0,3163.0,4.0,16.0,445.0
Kalimantan Tengah,4.0,66.0,12.0,14.0,548.0,16.0,16.0,59.0,7.0,1752.0,5.0,52.0,210.0
Kalimantan Selatan,17.0,228.0,74.0,30.0,880.0,69.0,71.0,80.0,8.0,4890.0,32.0,9.0,980.0
Kalimantan Timur,11.0,49.0,59.0,39.0,1615.0,87.0,72.0,307.0,4.0,4028.0,11.0,31.0,1298.0
Kalimantan Utara,101.38,231.2,86.74,144.2,4774.87,73.38,80.73,584.27,56.74,12205.67,67.21,57.93,7393.93
Sulawesi Utara,9.0,17.0,2.0,1.0,180.0,3.0,3.0,96.0,56.74,1028.0,67.21,45.0,49.0
Sulawesi Tengah,5.0,155.0,18.0,28.0,510.0,10.0,25.0,128.0,3.0,1706.0,10.0,18.0,220.0
Sulawesi Selatan,15.0,517.0,33.0,272.0,3062.0,95.0,114.0,879.0,81.0,7638.0,65.0,26.0,1163.0
Sulawesi Tenggara,2.0,133.0,5.0,35.0,456.0,5.0,11.0,222.0,5.0,1441.0,1.0,2.0,283.0
Gorontalo,8.0,90.0,1.0,6.0,373.0,6.0,8.0,48.0,56.74,1310.0,1.0,2.0,61.0
Sulawesi Barat,101.38,231.2,86.74,144.2,4774.87,73.38,80.73,584.27,56.74,12205.67,67.21,57.93,7393.93
Maluku,4.0,14.0,86.74,11.0,72.0,73.38,7.0,22.0,1.0,327.0,67.21,4.0,6.0
Maluku Utara,3.0,25.0,2.0,8.0,322.0,1.0,5.0,53.0,56.74,614.0,3.0,1.0,15.0
Papua Barat,101.38,231.2,86.74,144.2,4774.87,73.38,80.73,584.27,56.74,12205.67,67.21,57.93,7393.93
Papua,17.0,18.0,1.0,3.0,320.0,2.0,3.0,19.0,2.0,859.0,2.0,23.0,60.0
Indonesia,1470.0,3468.0,1171.0,2163.0,71623.0,1064.0,1211.0,8764.0,766.0,183085.0,941.0,869.0,110909.0
Aceh,2.0,9.0,5.0,4.0,1123.0,58.0,27.0,107.0,15.0,4221.0,2.0,5.0,416.0
Sumatera Utara,106.0,82.0,218.0,110.0,2177.0,96.0,6.0,110.0,8.0,11670.0,54.38,42.0,701.0
Sumatera Barat,4.0,12.0,13.0,33.0,1518.0,42.0,24.0,133.0,5.0,6396.0,9.0,6.0,459.0
Riau,1.0,17.0,11.0,33.0,1238.0,64.0,6.0,115.0,4.0,7608.0,6.0,10.0,635.0
Jambi,3.0,12.0,13.0,17.0,743.0,26.0,11.0,69.0,2.0,3254.0,3.0,6.0,489.0
Sumatera Selatan,7.0,122.0,79.0,224.0,864.0,72.0,43.0,345.0,4.0,6729.0,3.0,16.0,1121.0
Bengkulu,5.0,6.0,2.0,5.0,432.0,11.0,7.0,23.0,1.0,2664.0,2.0,4.0,160.0
Lampung,106.0,151.0,53.0,220.0,1515.0,22.0,24.0,467.0,21.0,6055.0,10.0,28.0,3856.0
Kepulauan Bangka Belitung,6.0,22.0,2.0,8.0,242.0,28.0,13.0,27.0,1.0,1961.0,54.38,9.0,154.0
Kepulauan Riau,22.0,34.0,5.0,34.0,522.0,40.0,6.0,39.0,1.0,2574.0,1.0,11.0,208.0
DKI Jakarta,12.0,42.0,19.0,24.0,2116.0,46.0,36.0,328.0,4.0,9422.0,3.0,59.0,3214.0
Jawa Barat,30.0,226.0,19.0,239.0,5084.0,178.0,221.0,748.0,36.0,34430.0,43.0,173.0,39988.0
Jawa Tengah,109.0,95.0,131.0,115.0,16743.0,2334.0,55.0,486.0,104.0,37146.0,275.0,170.0,24057.0
DI Yogyakarta,12.0,10.0,13.0,7.0,1266.0,8.0,6.0,54.0,27.14,4221.0,2.0,13.0,627.0
Jawa Timur,417.0,329.0,78.0,241.0,11093.0,201.0,106.0,1593.0,96.0,43669.0,359.0,238.0,35835.0
Banten,5.0,135.0,28.0,79.0,1968.0,63.0,278.0,611.0,8.0,9603.0,8.0,52.0,2649.0
Bali,2.0,6.0,62.36,125.61,232.0,2.0,1.0,14.0,1.0,869.0,1.0,9.0,74.0
Nusa Tenggara Barat,5.0,131.0,28.0,52.0,1387.0,76.0,83.0,305.0,6.0,4013.0,10.0,19.0,571.0
Nusa Tenggara Timur,58.88,6.0,62.36,125.61,169.0,15.0,1.0,7.0,27.14,259.0,54.38,6.0,7.0
Kalimantan Barat,7.0,41.0,2.0,30.0,561.0,38.0,10.0,57.0,3.0,3394.0,5.0,18.0,841.0
Kalimantan Tengah,3.0,74.0,5.0,15.0,633.0,29.0,27.0,60.0,2.0,2365.0,5.0,43.0,239.0
Kalimantan Selatan,1.0,151.0,123.0,26.0,924.0,99.0,74.0,102.0,18.0,5275.0,33.0,19.0,976.0
Kalimantan Timur,22.0,30.0,68.0,38.0,1399.0,103.0,86.0,233.0,7.0,4296.0,10.0,40.0,1345.0
Kalimantan Utara,58.88,5.0,7.0,125.61,239.0,21.0,5.0,7.0,27.14,1036.0,1.0,10.0,29.0
Sulawesi Utara,4.0,95.0,1.0,7.0,257.0,11.0,2.0,46.0,1.0,1255.0,12.0,65.0,33.0
Sulawesi Tengah,2.0,68.0,28.0,25.0,616.0,11.0,22.0,236.0,27.14,2432.0,3.0,30.0,115.0
Sulawesi Selatan,14.0,485.0,14.0,305.0,2962.0,41.0,92.0,919.0,26.0,8744.0,47.0,30.0,1318.0
Sulawesi Tenggara,1.0,118.0,31.0,21.0,711.0,14.0,27.0,286.0,2.0,2104.0,4.0,9.0,307.0
Gorontalo,4.0,169.0,20.0,12.0,489.0,2.0,9.0,79.0,27.14,1379.0,4.0,11.0,94.0
Sulawesi Barat,2.0,9.0,3.0,2.0,370.0,5.0,7.0,49.0,1.0,786.0,1.0,7.0,34.0
Maluku,4.0,14.0,1.0,8.0,110.0,1.0,6.0,42.0,27.14,441.0,1.0,4.0,9.0
Maluku Utara,1.0,39.0,2.0,125.61,408.0,6.0,7.0,73.0,1.0,594.0,3.0,1.0,31.0
Papua Barat,58.88,19.0,4.0,3.0,81.0,221.65,78.24,16.0,27.14,317.0,2.0,2.0,84.0
Papua,23.0,9.0,3.0,10.0,313.0,5.0,2.0,28.0,2.0,690.0,2.0,20.0,56.0
Indonesia,942.0,2773.0,1029.0,1947.0,60505.0,3768.0,1330.0,7814.0,380.0,231872.0,870.0,1185.0,120732.0
Aceh,1.0,4.0,18.0,11.0,699.0,90.0,19.0,88.0,27.0,5238.0,3.0,9.0,235.0
Sumatera Utara,1.0,6.0,24.0,12.0,1587.0,67.0,14.0,37.0,3.0,15244.0,1.0,73.0,201.0
Sumatera Barat,3.0,4.0,2.0,15.0,883.0,39.0,10.0,29.0,6.0,8172.0,3.0,14.0,191.0
Riau,39.0,35.0,24.0,33.0,1303.0,106.0,33.0,131.0,10.0,10285.0,10.0,37.0,676.0
Jambi,3.0,14.0,4.0,14.0,448.0,29.0,13.0,36.0,2.0,4140.0,27.04,11.0,286.0
Sumatera Selatan,27.0,57.0,20.0,59.0,998.0,91.0,39.0,240.0,7.0,8630.0,7.0,49.0,968.0
Bengkulu,2.0,11.0,3.0,15.0,364.0,14.0,5.0,37.0,3.0,3149.0,1.0,4.0,237.0
Lampung,2.0,53.0,7.0,51.0,624.0,30.0,19.0,167.0,5.0,11231.0,2.0,72.0,2770.0
Kepulauan Bangka Belitung,5.0,45.0,3.0,12.0,142.0,27.0,5.0,80.0,1.0,1882.0,1.0,2.0,272.0
Kepulauan Riau,34.54,122.69,26.85,68.48,2825.8,92.8,63.79,318.6,27.69,18613.67,27.04,99.79,7556.2
DKI Jakarta,18.0,55.0,17.0,25.0,1827.0,56.0,22.0,234.0,7.0,11029.0,3.0,60.0,2664.0
Jawa Barat,16.0,102.0,24.0,86.0,4066.0,141.0,151.0,323.0,41.0,52213.0,16.0,306.0,40603.0
Jawa Tengah,29.0,180.0,11.0,131.0,11184.0,102.0,73.0,259.0,78.0,40418.0,72.0,188.0,22784.0
DI Yogyakarta,4.0,26.0,1.0,9.0,762.0,10.0,8.0,65.0,7.0,3835.0,8.0,26.0,872.0
Jawa Timur,235.0,315.0,31.0,230.0,6204.0,180.0,117.0,1354.0,80.0,45712.0,159.0,206.0,33412.0
Banten,7.0,123.0,23.0,77.0,1067.0,36.0,93.0,361.0,18.0,10058.0,5.0,79.0,3721.0
Bali,34.54,122.69,26.85,68.48,2825.8,92.8,63.79,318.6,27.69,18613.67,27.04,99.79,7556.2
Nusa Tenggara Barat,5.0,65.0,12.0,29.0,1566.0,19.0,32.0,280.0,1.0,6305.0,4.0,48.0,619.0
Nusa Tenggara Timur,34.54,9.0,26.85,68.48,91.0,2.0,63.79,10.0,27.69,313.0,27.04,6.0,5.0
Kalimantan Barat,13.0,19.0,8.0,21.0,605.0,44.0,12.0,48.0,2.0,4069.0,3.0,24.0,356.0
Kalimantan Tengah,3.0,29.0,26.85,7.0,533.0,38.0,11.0,35.0,7.0,2620.0,3.0,19.0,178.0
Kalimantan Selatan,1.0,84.0,24.0,18.0,608.0,75.0,72.0,74.0,14.0,6071.0,11.0,22.0,508.0
Kalimantan Timur,8.0,43.0,65.0,42.0,1229.0,131.0,64.0,175.0,5.0,5287.0,14.0,31.0,907.0
Kalimantan Utara,34.54,122.69,26.85,68.48,2825.8,92.8,63.79,318.6,27.69,18613.67,27.04,99.79,7556.2
Sulawesi Utara,13.0,73.0,26.85,2.0,267.0,5.0,5.0,34.0,1.0,1367.0,2.0,51.0,64.0
Sulawesi Tengah,34.54,21.0,3.0,8.0,398.0,11.0,8.0,54.0,1.0,3358.0,5.0,27.0,65.0
Sulawesi Selatan,7.0,216.0,18.0,65.0,3091.0,28.0,48.0,325.0,24.0,11236.0,23.0,39.0,455.0
Sulawesi Tenggara,2.0,69.0,1.0,8.0,589.0,11.0,7.0,158.0,6.0,2885.0,2.0,14.0,70.0
Gorontalo,34.54,79.0,2.0,1.0,447.0,1.0,7.0,36.0,27.69,1797.0,2.0,12.0,34.0
Sulawesi Barat,34.54,122.69,26.85,68.48,2825.8,92.8,63.79,318.6,27.69,18613.67,27.04,99.79,7556.2
Maluku,34.54,122.69,26.85,2.0,164.0,1.0,2.0,40.0,27.69,542.0,27.04,99.79,8.0
Maluku Utara,2.0,21.0,2.0,1.0,328.0,3.0,63.79,42.0,27.69,834.0,2.0,3.0,35.0
Papua Barat,34.54,122.69,26.85,68.48,2825.8,92.8,63.79,318.6,27.69,18613.67,27.04,99.79,7556.2
Papua,3.0,21.0,2.0,9.0,313.0,5.0,4.0,27.0,4.0,1285.0,3.0,15.0,147.0
Indonesia,449.0,1779.0,349.0,993.0,42387.0,1392.0,893.0,4779.0,360.0,279205.0,365.0,1447.0,113343.0
,34.54,122.69,26.85,68.48,2825.8,92.8,63.79,318.6,27.69,18613.67,27.04,99.79,7556.2
Catatan,34.54,122.69,26.85,68.48,2825.8,92.8,63.79,318.6,27.69,18613.67,27.04,99.79,7556.2
1Data cerai 2021 masih bergabung dengan Provinsi Riau/Data of divorces 2021 were included in Riau Province2Data cerai 2021 masih bergabung dengan Provinsi Nusa Tenggara Barat/Data of divorces 2021 were included in Nusa Tenggara Barat Province3Data cerai 2021 masih bergabung dengan Provinsi Kalimantan Timur/Data of divorces 2021 were included in Kalimantan Timur Province4Data cerai 2021 masih bergabung dengan Provinsi Sulawesi Selatan/Data of divorces 2021 were included in Sulawesi Selatan Province5Data cerai 2021 masih bergabung dengan Provinsi Papua/Data of divorces 2021 were included in Papua Province,34.54,122.69,26.85,68.48,2825.8,92.8,63.79,318.6,27.69,18613.67,27.04,99.79,7556.2
Aceh,5.0,15.0,20.0,27.0,747.0,101.0,57.0,173.0,25.0,5412.0,2.0,12.0,308.0
Sumatera Utara,11.0,7.0,82.0,44.0,1600.0,70.0,14.0,73.0,2.0,14980.0,2.0,91.0,357.0
Sumatera Barat,2.0,9.0,7.0,19.0,754.0,31.0,10.0,33.0,4.0,7863.0,30.16,11.0,224.0
Riau,24.0,28.0,34.0,33.0,962.0,118.0,28.0,134.0,4.0,9789.0,7.0,32.0,574.0
Jambi,4.0,14.0,6.0,15.0,656.0,32.0,7.0,42.0,5.0,4917.0,1.0,24.0,481.0
Sumatera Selatan,6.0,22.0,17.0,34.0,841.0,59.0,20.0,194.0,7.0,9311.0,3.0,73.0,532.0
Bengkulu,4.0,11.0,3.0,11.0,308.0,20.0,4.0,29.0,5.0,3135.0,9.0,5.0,266.0
Lampung,5.0,42.0,5.0,38.0,645.0,36.0,17.0,146.0,9.0,11925.0,2.0,53.0,2438.0
Kepulauan Bangka Belitung,3.0,39.0,29.46,20.0,126.0,23.0,7.0,53.0,24.72,1977.0,1.0,9.0,442.0
Kepulauan Riau,55.2,118.73,29.46,79.4,2623.93,99.79,58.27,331.47,24.72,18944.6,30.16,109.0,7395.93
DKI Jakarta,8.0,32.0,10.0,29.0,1716.0,36.0,35.0,159.0,5.0,11163.0,1.0,58.0,2695.0
Jawa Barat,48.0,124.0,17.0,157.0,4613.0,155.0,166.0,397.0,25.0,55532.0,26.0,335.0,37295.0
Jawa Tengah,31.0,199.0,16.0,131.0,9337.0,102.0,69.0,245.0,53.0,40283.0,70.0,160.0,23334.0
DI Yogyakarta,2.0,17.0,1.0,6.0,619.0,11.0,3.0,46.0,4.0,3828.0,3.0,20.0,787.0
Jawa Timur,461.0,388.0,27.0,307.0,6498.0,205.0,141.0,1577.0,96.0,44464.0,178.0,252.0,34499.0
Banten,6.0,84.0,13.0,87.0,769.0,37.0,35.0,264.0,7.0,10708.0,30.16,86.0,3226.0
Bali,55.2,118.73,29.46,79.4,2623.93,99.79,58.27,331.47,24.72,18944.6,30.16,109.0,7395.93
Nusa Tenggara Barat,2.0,71.0,9.0,30.0,1175.0,16.0,37.0,307.0,4.0,6482.0,8.0,45.0,573.0
Nusa Tenggara Timur,55.2,8.0,1.0,2.0,116.0,2.0,1.0,26.0,1.0,334.0,30.16,3.0,3.0
Kalimantan Barat,13.0,35.0,13.0,38.0,739.0,37.0,25.0,52.0,4.0,4221.0,4.0,26.0,454.0
Kalimantan Tengah,2.0,24.0,3.0,18.0,452.0,44.0,8.0,31.0,9.0,2799.0,30.16,14.0,153.0
Kalimantan Selatan,3.0,85.0,20.0,10.0,494.0,116.0,47.0,61.0,2.0,6444.0,5.0,65.0,354.0
Kalimantan Timur,16.0,35.0,48.0,43.0,1168.0,142.0,40.0,154.0,10.0,5542.0,7.0,43.0,1101.0
Kalimantan Utara,55.2,118.73,29.46,79.4,2623.93,99.79,58.27,331.47,24.72,18944.6,30.16,109.0,7395.93
Sulawesi Utara,55.2,46.0,29.46,7.0,256.0,99.79,3.0,37.0,24.72,1453.0,3.0,59.0,52.0
Sulawesi Tengah,55.2,60.0,4.0,10.0,471.0,9.0,13.0,65.0,3.0,3189.0,2.0,33.0,67.0
Sulawesi Selatan,23.0,139.0,21.0,56.0,2632.0,22.0,68.0,347.0,21.0,11148.0,36.0,51.0,446.0
Sulawesi Tenggara,1.0,62.0,1.0,5.0,539.0,11.0,4.0,146.0,3.0,2858.0,30.16,29.0,65.0
Gorontalo,55.2,134.0,2.0,2.0,454.0,2.0,8.0,47.0,24.72,1659.0,1.0,15.0,37.0
Sulawesi Barat,55.2,118.73,29.46,79.4,2623.93,99.79,58.27,331.47,24.72,18944.6,30.16,109.0,7395.93
Maluku,55.2,4.0,29.46,1.0,143.0,2.0,1.0,25.0,24.72,603.0,1.0,7.0,7.0
Maluku Utara,2.0,18.0,3.0,1.0,286.0,2.0,3.0,63.0,24.72,873.0,2.0,3.0,18.0
Papua Barat,55.2,118.73,29.46,79.4,2623.93,99.79,58.27,331.47,24.72,18944.6,30.16,109.0,7395.93
Papua,8.0,29.0,29.46,10.0,243.0,6.0,3.0,46.0,1.0,1277.0,3.0,21.0,151.0
Indonesia,690.0,1781.0,383.0,1191.0,39359.0,1447.0,874.0,4972.0,309.0,284169.0,377.0,1635.0,110939.0
,55.2,118.73,29.46,79.4,2623.93,99.79,58.27,331.47,24.72,18944.6,30.16,109.0,7395.93
Catatan,55.2,118.73,29.46,79.4,2623.93,99.79,58.27,331.47,24.72,18944.6,30.16,109.0,7395.93
1Data yang akta cerainya sudah tercetak/<i>Data for which the divorce certificate has been printed</i>2Data cerai Provinsi Kepulauan Riau 2022 masih bergabung dengan Provinsi Riau/<i>Data of divorces Kepulauan Riau </i><i>Province </i><i>2022 were included in Riau Province</i>3Data cerai Provinsi Bali 2022 masih bergabung dengan Provinsi Nusa Tenggara Barat/<i>Data of divorces Bali </i><i>Province </i><i>2022 were included in Nusa Tenggara Barat Province</i>4Data cerai Provinsi Kalimantan Utara 2022 masih bergabung dengan Provinsi Kalimantan Timur/<i>Data of divorces Kalimantan Utara </i><i>Province </i><i>2022 were included in Kalimantan Timur Province</i>5Data cerai Provinsi Sulawesi Barat 2022 masih bergabung dengan Provinsi Sulawesi Selatan/<i>Data of divorces Sulawesi Barat </i><i>Province </i><i>2022 were included in Sulawesi Selatan Province</i>6Data cerai Provinsi Papua Barat 2022 masih bergabung dengan Provinsi Papua/<i>Data of divorces Papua Barat </i><i>Province </i><i>2022 were included in Papua Province</i>,55.2,118.73,29.46,79.4,2623.93,99.79,58.27,331.47,24.72,18944.6,30.16,109.0,7395.93
